0,1,Xgboost,Rstudio,0.899080017,81,Q23793561,Q4798119
1,1,Xgboost,sklearn,0.89118853,73,Q23793561,Q1026367
4,1,Xgboost,TensorFlow,0.898042624,70,Q23793561,Q21447895
5,1,Xgboost,Git_and_GitHub,0.874277357,67,Q23793561,Q186055
6,1,Xgboost,AutoKeras,0.862694801,55,Q23793561,Q28470421
8,1,Xgboost,Natural_Language_Toolkit_(NLTK),0.823545392,45,Q23793561,Q1635410
10,1,Xgboost,R_and_RStudio,0.793770027,40,Q23793561,Q206904
14,1,Xgboost,Scope_(computer_science),0.733710381,31,Q23793561,Q1034415
15,1,Xgboost,Linux_Command_Line,0.679699933,27,Q23793561,Q388
16,1,Xgboost,Interface_(computing),0.708647691,26,Q23793561,Q23808
17,1,Xgboost,Random_variable,0.675040355,26,Q23793561,Q176623
19,1,Xgboost,linear_algebra,0.63498497,23,Q23793561,Q82571
20,1,Xgboost,Algebra,0.661137685,23,Q23793561,Q3968
21,1,Xgboost,Data_(computing),0.54718379,19,Q23793561,Q494756
22,1,Xgboost,Control_flow,0.575019786,19,Q23793561,Q868299
23,1,Xgboost,Conditional_probability,0.558377054,18,Q23793561,Q327069
25,1,Xgboost,Arithmetic,0.550463465,18,Q23793561,Q11205
26,1,Xgboost,basic_statistics,0.547792117,18,Q23793561,Q12483
136,1,Computer_graphics,Programming_language,0.913234588,78,Q7600677,Q9143
139,1,Computer_graphics,Computational_geometry,0.825494617,51,Q7600677,Q874709
141,1,Computer_graphics,Data_(computing),0.806631132,44,Q7600677,Q494756
142,1,Computer_graphics,Computational_complexity_theory,0.798380785,43,Q7600677,Q205084
143,1,Computer_graphics,Analysis_of_algorithms,0.783988025,37,Q7600677,Q333464
145,1,Computer_graphics,Computation,0.775835255,35,Q7600677,Q12525525
146,1,Computer_graphics,Number_theory,0.774054668,34,Q7600677,Q12479
148,1,Computer_graphics,Variable_(computer_science),0.756033262,33,Q7600677,Q877977
149,1,Computer_graphics,Foundations_of_mathematics,0.739877373,32,Q7600677,Q833585
150,1,Computer_graphics,Arithmetic,0.735601241,31,Q7600677,Q11205
155,1,Computer_graphics,Mathematical_induction,0.692587747,27,Q7600677,Q178377
156,1,Computer_graphics,Theoretical_computer_science,0.686736327,26,Q7600677,Q2878974
157,1,Computer_graphics,Database_management_system,0.708137439,26,Q7600677,Q8513
158,1,Computer_graphics,Iterative_method,0.714388077,26,Q7600677,Q2321565
159,1,Computer_graphics,Object_(computer_science),0.64343174,25,Q7600677,Q216601
160,2,Computer_graphics,Problem_solving,0.668005829,25,Q7600677,Q730920
161,2,Computer_graphics,Abstraction_(computer_science),0.676016808,24,Q7600677,Q224055
162,2,Computer_graphics,Graph_theory,0.610565782,24,Q7600677,Q131476
163,2,Computer_graphics,Discrete_mathematics,0.633855303,24,Q7600677,Q121416
167,1,Computer_graphics,Polynomial,0.526666694,18,Q7600677,Q43260
168,1,Computer_graphics,Design_pattern_(computer_science),0.558542808,18,Q7600677,Q181156
170,1,Computer_graphics,Abstract_data_type,0.499768706,17,Q7600677,Q827335
171,2,Computer_graphics,Finite-state_machine,0.517433727,17,Q7600677,Q176452
281,2,Analysis_of_algorithms,Foundations_of_mathematics,0.895900008,73,Q333464,Q833585
283,1,Analysis_of_algorithms,Discrete_mathematics,0.894925477,69,Q333464,Q121416
285,1,Analysis_of_algorithms,Theoretical_computer_science,0.874385204,56,Q333464,Q2878974
287,1,Analysis_of_algorithms,Data_structure,0.851863799,54,Q333464,Q175263
288,2,Analysis_of_algorithms,Problem_solving,0.878379517,47,Q333464,Q730920
290,1,Analysis_of_algorithms,Automata_theory,0.814527103,42,Q333464,Q214526
291,1,Analysis_of_algorithms,Programming_language,0.82799882,42,Q333464,Q9143
292,2,Analysis_of_algorithms,Number_theory,0.796877815,41,Q333464,Q12479
293,2,Analysis_of_algorithms,Abstraction_(computer_science),0.796778107,40,Q333464,Q224055
294,1,Analysis_of_algorithms,Arithmetic,0.798680758,39,Q333464,Q11205
296,1,Analysis_of_algorithms,Polynomial,0.760492987,36,Q333464,Q43260
297,2,Analysis_of_algorithms,Iterative_method,0.782598058,36,Q333464,Q2321565
298,2,Analysis_of_algorithms,Graph_(mathematics),0.78332493,36,Q333464,Q363874
299,1,Analysis_of_algorithms,Computability,0.79615409,35,Q333464,Q818888
300,1,Analysis_of_algorithms,Finite-state_machine,0.768487714,33,Q333464,Q176452
302,1,Analysis_of_algorithms,Computational_problem,0.713034827,29,Q333464,Q3435924
306,1,Analysis_of_algorithms,Algebra,0.644618449,23,Q333464,Q3968
309,1,Analysis_of_algorithms,Random_variable,0.639924322,21,Q333464,Q176623
310,1,Analysis_of_algorithms,Numerical_analysis,0.565038157,20,Q333464,Q11216
312,1,Analysis_of_algorithms,Calculus,0.565083212,18,Q333464,Q149972
314,1,Analysis_of_algorithms,Matrix_(mathematics),0.504544987,17,Q333464,Q44337
317,2,Analysis_of_algorithms,Approximation,0.554022461,16,Q333464,Q27058
417,1,System_programming,Programming_language,0.881108284,72,Q1936256,Q9143
419,1,System_programming,Central_processing_unit,0.884920113,68,Q1936256,Q5300
420,1,System_programming,Parallel_computing,0.865316037,58,Q1936256,Q232661
421,1,System_programming,Lock_(computer_science),0.857443043,56,Q1936256,Q1427251
422,1,System_programming,Shared_memory,0.858765779,54,Q1936256,Q764810
424,1,System_programming,Mutual_exclusion,0.827971264,49,Q1936256,Q1047554
426,1,System_programming,Arithmetic,0.826964622,43,Q1936256,Q11205
428,1,System_programming,Data_structure,0.80579753,41,Q1936256,Q175263
430,1,System_programming,Theoretical_computer_science,0.718551129,32,Q1936256,Q2878974
432,1,System_programming,Linux_Command_Line,0.686928162,26,Q1936256,Q388
437,1,System_programming,Problem_solving,0.601782018,22,Q1936256,Q730920
438,1,System_programming,Computer_network,0.620323788,22,Q1936256,Q1301371
440,1,System_programming,Foundations_of_mathematics,0.608797503,20,Q1936256,Q833585
441,2,System_programming,Computation,0.545168475,19,Q1936256,Q12525525
442,1,System_programming,Mathematical_induction,0.524142795,18,Q1936256,Q178377
443,1,System_programming,Polynomial,0.508423567,16,Q1936256,Q43260
552,2,Functional_programming,Data_structure,0.88538244,63,Q193076,Q175263
553,2,Functional_programming,Imperative_programming,0.878338091,62,Q193076,Q275596
554,1,Functional_programming,Control_flow,0.868595231,62,Q193076,Q868299
555,2,Functional_programming,computer_programs/algorithms,0.879394185,62,Q193076,Q8366
556,1,Functional_programming,Higher-order_function,0.823718558,45,Q193076,Q1474542
557,1,Functional_programming,Object-oriented_programming,0.821630014,38,Q193076,Q79872
558,1,Functional_programming,Arithmetic,0.78366826,37,Q193076,Q11205
560,1,Functional_programming,Object_(computer_science),0.767882737,33,Q193076,Q216601
561,1,Functional_programming,Abstract_data_type,0.73382603,33,Q193076,Q827335
562,1,Functional_programming,High-level_programming_language,0.773734107,33,Q193076,Q211496
564,1,Functional_programming,Structured_programming,0.770296946,32,Q193076,Q223335
565,2,Functional_programming,Computational_complexity_theory,0.746312439,32,Q193076,Q205084
569,1,Functional_programming,Design_pattern_(computer_science),0.70391924,28,Q193076,Q181156
572,1,Functional_programming,Number_theory,0.642099925,21,Q193076,Q12479
574,1,Functional_programming,Scope_(computer_science),0.610080862,20,Q193076,Q1034415
575,1,Functional_programming,Software_design,0.632427835,20,Q193076,Q857102
576,1,Functional_programming,Context-free_language,0.589361617,19,Q193076,Q729271
577,1,Functional_programming,Computer_architecture,0.544973825,19,Q193076,Q173212
578,1,Functional_programming,Theory_of_computation,0.568911,19,Q193076,Q844718
579,2,Functional_programming,Troubleshooting_&_Debugging,0.603634759,19,Q193076,Q845566
580,2,Functional_programming,Operating_system,0.518930117,18,Q193076,Q9135
581,1,Functional_programming,Python_(programming_language),0.58889232,17,Q193076,Q28865
582,1,Functional_programming,Finite-state_machine,0.602866706,17,Q193076,Q176452
583,1,Functional_programming,Software_development,0.591794407,17,Q193076,Q638608
584,1,Functional_programming,Regular_language,0.537827576,17,Q193076,Q752532
708,1,Parsing,Regular_expression,0.85363799,55,Q194152,Q185612
710,1,Parsing,Compiler_Construction,0.849973881,47,Q194152,Q47506
713,1,Parsing,Data_(computing),0.745020777,32,Q194152,Q494756
714,1,Parsing,Abstract_data_type,0.764755413,32,Q194152,Q827335
715,2,Parsing,Computational_complexity_theory,0.757494577,30,Q194152,Q205084
717,1,Parsing,Variable_(computer_science),0.720654586,29,Q194152,Q877977
721,1,Parsing,Abstraction_(computer_science),0.661694783,26,Q194152,Q224055
723,2,Parsing,Computation,0.675216118,24,Q194152,Q12525525
726,1,Parsing,Theoretical_computer_science,0.679813219,23,Q194152,Q2878974
727,1,Parsing,Automata_theory,0.660949728,23,Q194152,Q214526
728,1,Parsing,Combinatorics,0.653467697,23,Q194152,Q76592
730,1,Parsing,Discrete_mathematics,0.651130698,22,Q194152,Q121416
731,2,Parsing,Problem_solving,0.648694905,22,Q194152,Q730920
732,2,Parsing,Control_flow,0.61079434,21,Q194152,Q868299
733,1,Parsing,High-level_programming_language,0.61351912,20,Q194152,Q211496
735,1,Parsing,Turing_machine,0.581831606,19,Q194152,Q163310
737,1,Parsing,Scope_(computer_science),0.593447871,18,Q194152,Q1034415
740,1,Parsing,Kinematics,0.510011494,16,Q194152,Q11476
741,1,Parsing,Geometry,0.521994948,16,Q194152,Q8087
858,1,Unsupervised_learning,Computational_science,0.876537511,71,Q1152135,Q117801
859,1,Unsupervised_learning,Semantics,0.87840455,64,Q1152135,Q796212
861,2,Unsupervised_learning,Expected_value,0.859823058,62,Q1152135,Q200125
863,2,Unsupervised_learning,basic_statistics,0.848650728,56,Q1152135,Q12483
866,2,Unsupervised_learning,computer_programs/algorithms,0.838392019,52,Q1152135,Q8366
867,1,Unsupervised_learning,Graph_theory,0.861976157,48,Q1152135,Q131476
868,1,Unsupervised_learning,Artificial_intelligence,0.815175295,42,Q1152135,Q11660
869,2,Unsupervised_learning,linear_algebra,0.811526688,38,Q1152135,Q82571
870,2,Unsupervised_learning,Conditional_probability,0.784206945,37,Q1152135,Q327069
871,2,Unsupervised_learning,Probability_Interpretations,0.763681306,36,Q1152135,Q9492
872,1,Unsupervised_learning,Markov_process,0.804525428,36,Q1152135,Q176645
873,2,Unsupervised_learning,Probability_theory,0.793308353,35,Q1152135,Q5862903
875,1,Unsupervised_learning,Random_variable,0.73494801,29,Q1152135,Q176623
876,1,Unsupervised_learning,Machine_Learning_Regression,0.698700693,27,Q1152135,Q208042
877,1,Unsupervised_learning,Computational_complexity_theory,0.665011113,26,Q1152135,Q205084
882,1,Unsupervised_learning,Graph_(mathematics),0.604309309,21,Q1152135,Q363874
887,1,Unsupervised_learning,Mathematical_model,0.493141937,15,Q1152135,Q486902
1004,1,Natural_language,Semantics,0.872214992,65,Q33742,Q796212
1005,1,Natural_language,Computational_science,0.829367549,54,Q33742,Q117801
1008,1,Natural_language,computer_programs/algorithms,0.797252807,44,Q33742,Q8366
1009,1,Natural_language,linear_algebra,0.762675492,37,Q33742,Q82571
1013,1,Natural_language,Graph_(mathematics),0.730981162,33,Q33742,Q363874
1015,1,Natural_language,Foundations_of_mathematics,0.718491339,31,Q33742,Q833585
1017,1,Natural_language,basic_statistics,0.681497442,29,Q33742,Q12483
1020,1,Natural_language,Computation,0.673958881,28,Q33742,Q12525525
1021,1,Natural_language,Algebra,0.701573951,28,Q33742,Q3968
1022,1,Natural_language,Iterative_method,0.698801958,26,Q33742,Q2321565
1023,1,Natural_language,Expected_value,0.663741295,26,Q33742,Q200125
1024,1,Natural_language,Theoretical_computer_science,0.651928131,26,Q33742,Q2878974
1025,1,Natural_language,Polynomial,0.671975062,26,Q33742,Q43260
1026,1,Natural_language,Finite-state_machine,0.638436737,25,Q33742,Q176452
1027,1,Natural_language,Random_variable,0.649048958,25,Q33742,Q176623
1028,1,Natural_language,Abstraction_(computer_science),0.617665013,24,Q33742,Q224055
1029,1,Natural_language,Graph_theory,0.634063443,24,Q33742,Q131476
1030,1,Natural_language,Introduction_to_Algorithms,0.647057077,23,Q33742,Q1141518
1032,1,Natural_language,Arithmetic,0.60700707,22,Q33742,Q11205
1033,1,Natural_language,Problem_solving,0.588209672,22,Q33742,Q730920
1034,1,Natural_language,Mathematical_model,0.586224599,22,Q33742,Q486902
1035,1,Natural_language,Approximation,0.603633608,21,Q33742,Q27058
1037,1,Natural_language,Computational_problem,0.554302359,20,Q33742,Q3435924
1039,1,Natural_language,String_(computer_science),0.512699529,19,Q33742,Q184754
1157,2,Interface_(computing),Abstract_data_type,0.65491745,25,Q23808,Q827335
1160,1,Interface_(computing),Information_security,0.572588133,23,Q23808,Q189900
1161,1,Interface_(computing),Computability,0.594577084,23,Q23808,Q818888
1163,2,Interface_(computing),Scope_(computer_science),0.62969158,23,Q23808,Q1034415
1166,1,Interface_(computing),Problem_solving,0.571249745,22,Q23808,Q730920
1169,1,Interface_(computing),Structured_programming,0.612158862,22,Q23808,Q223335
1175,1,Interface_(computing),Control_flow,0.585580099,21,Q23808,Q868299
1177,1,Interface_(computing),Computer_security,0.520216274,20,Q23808,Q3510521
1180,1,Interface_(computing),Variable_(computer_science),0.509270467,19,Q23808,Q877977
1187,1,Interface_(computing),Object_(computer_science),0.510871993,18,Q23808,Q216601
1191,1,Interface_(computing),Personal_computer,0.545922953,17,Q23808,Q16338
1264,1,Relational_model,Relational_algebra,0.890215951,74,Q755662,Q840540
1268,1,Relational_model,Database_transaction,0.800485611,39,Q755662,Q848010
1269,2,Relational_model,Object_(computer_science),0.793115518,39,Q755662,Q216601
1270,2,Relational_model,Introduction_to_Algorithms,0.783356615,37,Q755662,Q1141518
1272,1,Relational_model,Arithmetic,0.766363433,33,Q755662,Q11205
1273,1,Relational_model,Foundations_of_mathematics,0.734108448,32,Q755662,Q833585
1274,1,Relational_model,Combinatorics,0.725037225,30,Q755662,Q76592
1277,1,Relational_model,Algebra,0.661833763,27,Q755662,Q3968
1278,1,Relational_model,computer_programs/algorithms,0.691163204,27,Q755662,Q8366
1279,1,Relational_model,Interface_(computing),0.714318487,27,Q755662,Q23808
1281,1,Relational_model,Theoretical_computer_science,0.691268994,26,Q755662,Q2878974
1282,1,Relational_model,Kinematics,0.696725699,26,Q755662,Q11476
1283,1,Relational_model,Mathematical_induction,0.629282494,25,Q755662,Q178377
1288,1,Relational_model,Problem_solving,0.633509138,23,Q755662,Q730920
1289,2,Relational_model,Abstraction_(computer_science),0.592935085,22,Q755662,Q224055
1290,1,Relational_model,Central_processing_unit,0.556784066,22,Q755662,Q5300
1293,2,Relational_model,Variable_(computer_science),0.589982532,21,Q755662,Q877977
1294,1,Relational_model,Graph_(mathematics),0.610115576,20,Q755662,Q363874
1299,1,Relational_model,Control_flow,0.566303504,19,Q755662,Q868299
1301,1,Relational_model,linear_algebra,0.589219545,19,Q755662,Q82571
1303,1,Relational_model,Generic_programming,0.524441083,18,Q755662,Q1051282
1304,1,Relational_model,Abstract_data_type,0.52183432,18,Q755662,Q827335
1310,1,Relational_model,Computational_problem,0.496867741,17,Q755662,Q3435924
1314,1,Relational_model,Context-free_language,0.499115586,16,Q755662,Q729271
1322,1,Relational_model,Lock_(computer_science),0.506026064,14,Q755662,Q1427251
1399,1,Object_(computer_science),Variable_(computer_science),0.879721105,64,Q216601,Q877977
1404,1,Object_(computer_science),High-level_programming_language,0.834758148,50,Q216601,Q211496
1405,1,Object_(computer_science),Abstract_data_type,0.795096296,47,Q216601,Q827335
1406,1,Object_(computer_science),Data_structure,0.82832795,47,Q216601,Q175263
1409,1,Object_(computer_science),Arithmetic,0.75182769,36,Q216601,Q11205
1411,1,Object_(computer_science),Programming_language,0.731185021,31,Q216601,Q9143
1412,2,Object_(computer_science),Data_(computing),0.736319319,30,Q216601,Q494756
1414,1,Object_(computer_science),Foundations_of_mathematics,0.668064288,28,Q216601,Q833585
1429,1,Object_(computer_science),Relational_model,0.578205395,20,Q216601,Q755662
1432,1,Object_(computer_science),Algebra,0.554636604,19,Q216601,Q3968
1436,1,Object_(computer_science),Finite-state_machine,0.541835617,17,Q216601,Q176452
1437,2,Object_(computer_science),Graph_(mathematics),0.503640399,17,Q216601,Q363874
1439,2,Object_(computer_science),Abstraction_(computer_science),0.51437813,16,Q216601,Q224055
1522,2,Bioinformatics_Analysis,Computational_complexity_theory,0.884793179,65,Q128570,Q205084
1523,2,Bioinformatics_Analysis,Programming_language,0.885261265,60,Q128570,Q9143
1524,1,Bioinformatics_Analysis,Graph_theory,0.874213378,57,Q128570,Q131476
1525,1,Bioinformatics_Analysis,Combinatorics,0.868189387,55,Q128570,Q76592
1528,1,Bioinformatics_Analysis,Mathematical_induction,0.853085088,51,Q128570,Q178377
1530,1,Bioinformatics_Analysis,Data_structure,0.830969561,42,Q128570,Q175263
1533,1,Bioinformatics_Analysis,Asymptotic_analysis,0.785117838,36,Q128570,Q752718
1534,1,Bioinformatics_Analysis,Introduction_to_Algorithms,0.757202176,35,Q128570,Q1141518
1540,1,Bioinformatics_Analysis,Iterative_method,0.686743755,25,Q128570,Q2321565
1541,2,Bioinformatics_Analysis,Foundations_of_mathematics,0.687861023,25,Q128570,Q833585
1542,2,Bioinformatics_Analysis,Abstraction_(computer_science),0.686486576,23,Q128570,Q224055
1547,2,Bioinformatics_Analysis,Problem_solving,0.578474257,18,Q128570,Q730920
1548,2,Bioinformatics_Analysis,Arithmetic,0.526949322,17,Q128570,Q11205
1550,1,Bioinformatics_Analysis,Geometry,0.56089951,17,Q128570,Q8087
1816,2,Lock_(computer_science),Shared_memory,0.874091653,68,Q1427251,Q764810
1821,1,Lock_(computer_science),Unix,0.806786315,43,Q1427251,Q11368
1822,1,Lock_(computer_science),Arithmetic,0.784099674,40,Q1427251,Q11205
1823,1,Lock_(computer_science),Central_processing_unit,0.80363973,39,Q1427251,Q5300
1827,2,Lock_(computer_science),Algebra,0.699717079,28,Q1427251,Q3968
1829,1,Lock_(computer_science),linear_algebra,0.688484686,27,Q1427251,Q82571
1830,2,Lock_(computer_science),Mutual_exclusion,0.704845022,27,Q1427251,Q1047554
1831,1,Lock_(computer_science),Operating_system,0.644695355,26,Q1427251,Q9135
1833,1,Lock_(computer_science),Theoretical_computer_science,0.611864527,24,Q1427251,Q2878974
1835,2,Lock_(computer_science),Computer_architecture,0.611247236,22,Q1427251,Q173212
1836,1,Lock_(computer_science),Foundations_of_mathematics,0.539800124,22,Q1427251,Q833585
1837,1,Lock_(computer_science),Number_theory,0.648607297,22,Q1427251,Q12479
1838,1,Lock_(computer_science),Random_variable,0.605306972,22,Q1427251,Q176623
1839,1,Lock_(computer_science),Iterative_method,0.619047858,22,Q1427251,Q2321565
1840,1,Lock_(computer_science),Variable_(computer_science),0.603576433,21,Q1427251,Q877977
1842,1,Lock_(computer_science),Computation,0.546036291,20,Q1427251,Q12525525
1843,1,Lock_(computer_science),Mathematical_proof,0.537891483,20,Q1427251,Q11538
1847,2,Lock_(computer_science),Interface_(computing),0.550803335,19,Q1427251,Q23808
1851,2,Lock_(computer_science),Object_(computer_science),0.531791422,18,Q1427251,Q216601
1852,2,Lock_(computer_science),Abstraction_(computer_science),0.499689261,18,Q1427251,Q224055
1853,1,Lock_(computer_science),Information_security,0.519151211,18,Q1427251,Q189900
1854,2,Lock_(computer_science),Modular_arithmetic,0.504823632,18,Q1427251,Q319400
1858,2,Lock_(computer_science),Introduction_to_Algorithms,0.527590415,17,Q1427251,Q1141518
1859,1,Lock_(computer_science),Approximation,0.501663264,17,Q1427251,Q27058
1860,1,Lock_(computer_science),Randomization,0.511682398,17,Q1427251,Q1363085
1950,2,Information_security,Modular_arithmetic,0.871062141,76,Q189900,Q319400
1951,1,Information_security,Mathematical_proof,0.891870397,75,Q189900,Q11538
1952,1,Information_security,Computer_security,0.870672088,69,Q189900,Q3510521
1954,1,Information_security,Algebra,0.84017121,60,Q189900,Q3968
1955,2,Information_security,Foundations_of_mathematics,0.822125147,53,Q189900,Q833585
1957,1,Information_security,Polynomial,0.758618804,34,Q189900,Q43260
1958,2,Information_security,Theoretical_computer_science,0.733617025,34,Q189900,Q2878974
1959,2,Information_security,Random_variable,0.700329572,32,Q189900,Q176623
1961,2,Information_security,Computational_problem,0.707254887,30,Q189900,Q3435924
1962,2,Information_security,Abstraction_(computer_science),0.665099966,29,Q189900,Q224055
1964,2,Information_security,Problem_solving,0.688831159,28,Q189900,Q730920
1969,2,Information_security,Arithmetic,0.648379366,24,Q189900,Q11205
1970,1,Information_security,Computability,0.649908463,24,Q189900,Q818888
1971,1,Information_security,Iterative_method,0.616580526,24,Q189900,Q2321565
1972,1,Information_security,Calculus,0.641280133,23,Q189900,Q149972
1974,1,Information_security,Introduction_to_Algorithms,0.571480968,22,Q189900,Q1141518
1975,1,Information_security,Computational_complexity_theory,0.570428241,22,Q189900,Q205084
1976,1,Information_security,Automata_theory,0.581216313,21,Q189900,Q214526
1978,1,Information_security,Communications_protocol,0.579871268,21,Q189900,Q132364
1979,1,Information_security,Finite-state_machine,0.584644222,20,Q189900,Q176452
1980,1,Information_security,Number_theory,0.525938988,20,Q189900,Q12479
1982,1,Information_security,Interface_(computing),0.53675437,20,Q189900,Q23808
1983,1,Information_security,Computation,0.516449677,19,Q189900,Q12525525
1984,1,Information_security,Graph_(mathematics),0.505568404,19,Q189900,Q363874
1986,2,Information_security,computer_programs/algorithms,0.503098382,18,Q189900,Q8366
1989,1,Information_security,Abstract_data_type,0.553833933,17,Q189900,Q827335
2084,1,Conditional_probability,Random_variable,0.912287776,89,Q327069,Q176623
2087,1,Conditional_probability,Algebra,0.84586936,58,Q327069,Q3968
2089,2,Conditional_probability,Foundations_of_mathematics,0.860946697,57,Q327069,Q833585
2094,1,Conditional_probability,Probability_theory,0.767520478,38,Q327069,Q5862903
2095,2,Conditional_probability,Polynomial,0.752148202,38,Q327069,Q43260
2097,2,Conditional_probability,Arithmetic,0.770180702,36,Q327069,Q11205
2100,1,Conditional_probability,Problem_solving,0.665408134,28,Q327069,Q730920
2103,2,Conditional_probability,basic_statistics,0.709226627,26,Q327069,Q12483
2104,1,Conditional_probability,Expected_value,0.634792366,25,Q327069,Q200125
2106,1,Conditional_probability,Mathematical_model,0.639122341,23,Q327069,Q486902
2108,1,Conditional_probability,Mathematical_induction,0.573123108,22,Q327069,Q178377
2113,1,Conditional_probability,computer_programs/algorithms,0.519528841,19,Q327069,Q8366
2117,2,Conditional_probability,Combinatorics,0.493371739,17,Q327069,Q76592
2216,2,Uncertainty,Probability_Interpretations,0.849978979,61,Q13649246,Q9492
2217,2,Uncertainty,Algebra,0.836062108,56,Q13649246,Q3968
2218,2,Uncertainty,Foundations_of_mathematics,0.820956006,51,Q13649246,Q833585
2221,1,Uncertainty,Arithmetic,0.771718747,35,Q13649246,Q11205
2225,2,Uncertainty,Approximation,0.710543017,31,Q13649246,Q27058
2226,2,Uncertainty,Conditional_probability,0.696800847,31,Q13649246,Q327069
2227,1,Uncertainty,Mathematical_model,0.698344835,30,Q13649246,Q486902
2231,1,Uncertainty,Interface_(computing),0.644449302,28,Q13649246,Q23808
2232,1,Uncertainty,Calculus,0.658889205,27,Q13649246,Q149972
2233,1,Uncertainty,Finite-state_machine,0.639869652,25,Q13649246,Q176452
2234,1,Uncertainty,Computer_security,0.670945244,25,Q13649246,Q3510521
2236,1,Uncertainty,Polynomial,0.666342545,25,Q13649246,Q43260
2237,1,Uncertainty,Expected_value,0.67115799,25,Q13649246,Q200125
2240,1,Uncertainty,basic_statistics,0.663363374,23,Q13649246,Q12483
2241,1,Uncertainty,Asymptotic_analysis,0.583659085,22,Q13649246,Q752718
2343,1,Operating_system,computer_programs/algorithms,0.888207423,75,Q9135,Q8366
2345,1,Operating_system,Unix,0.884230845,66,Q9135,Q11368
2346,2,Operating_system,Arithmetic,0.880980396,65,Q9135,Q11205
2347,1,Operating_system,Programming_language,0.886341631,64,Q9135,Q9143
2348,1,Operating_system,Shared_memory,0.865314996,54,Q9135,Q764810
2349,1,Operating_system,Lock_(computer_science),0.856827259,53,Q9135,Q1427251
2350,1,Operating_system,Parallel_computing,0.839429003,47,Q9135,Q232661
2353,1,Operating_system,Assembly_language,0.816656936,44,Q9135,Q165436
2354,1,Operating_system,Mutual_exclusion,0.810033,43,Q9135,Q1047554
2355,1,Operating_system,Data_structure,0.802976334,40,Q9135,Q175263
2356,1,Operating_system,Database_transaction,0.783797741,40,Q9135,Q848010
2362,1,Operating_system,specialty,0.654656327,23,Q9135,Q1047113
2368,1,Operating_system,Computer_network,0.606972558,21,Q9135,Q1301371
2374,1,Operating_system,Mathematical_induction,0.565648982,19,Q9135,Q178377
2478,1,Represent_data_visually,Graph_(mathematics),0.745455391,38,Q483130,Q363874
2479,1,Represent_data_visually,Application_software,0.748687612,36,Q483130,Q166142
2480,1,Represent_data_visually,Interface_(computing),0.810705921,35,Q483130,Q23808
2481,1,Represent_data_visually,Computer-Aided_Design_(CAD),0.721369519,34,Q483130,Q184793
2483,1,Represent_data_visually,Arithmetic,0.753404125,31,Q483130,Q11205
2484,1,Represent_data_visually,Algebra,0.742448187,30,Q483130,Q3968
2485,1,Represent_data_visually,Industrial_IoT,0.732485903,29,Q483130,Q251212
2487,1,Represent_data_visually,Tableau_Software,0.666847302,26,Q483130,Q7673435
2489,1,Represent_data_visually,Troubleshooting_&_Debugging,0.621135076,24,Q483130,Q845566
2494,1,Represent_data_visually,Introduction_to_Algorithms,0.600263466,22,Q483130,Q1141518
2497,1,Represent_data_visually,Computational_science,0.587190038,21,Q483130,Q117801
2502,1,Represent_data_visually,Plotly,0.562682102,19,Q483130,Q17146476
2616,1,Artificial_intelligence,Discrete_mathematics,0.896157715,73,Q11660,Q121416
2617,1,Artificial_intelligence,Analysis_of_algorithms,0.889104736,71,Q11660,Q333464
2619,1,Artificial_intelligence,basic_statistics,0.824618766,47,Q11660,Q12483
2620,1,Artificial_intelligence,Arithmetic,0.833189539,46,Q11660,Q11205
2621,1,Artificial_intelligence,Probability_theory,0.798165889,42,Q11660,Q5862903
2622,1,Artificial_intelligence,Expected_value,0.772828805,38,Q11660,Q200125
2623,1,Artificial_intelligence,Probability_Interpretations,0.80440422,37,Q11660,Q9492
2624,1,Artificial_intelligence,Mathematical_optimization,0.798966962,37,Q11660,Q141495
2625,1,Artificial_intelligence,Polynomial,0.76309122,36,Q11660,Q43260
2628,1,Artificial_intelligence,Foundations_of_mathematics,0.72141248,32,Q11660,Q833585
2629,1,Artificial_intelligence,Geometry,0.722159735,30,Q11660,Q8087
2630,1,Artificial_intelligence,Theoretical_computer_science,0.748944966,30,Q11660,Q2878974
2635,1,Artificial_intelligence,Combinatorics,0.695951977,25,Q11660,Q76592
2636,1,Artificial_intelligence,Matrix_(mathematics),0.682523041,25,Q11660,Q44337
2645,1,Artificial_intelligence,Random_variable,0.591457367,20,Q11660,Q176623
2650,1,Artificial_intelligence,Computational_geometry,0.614856058,18,Q11660,Q874709
2765,1,Graph_(mathematics),Foundations_of_mathematics,0.838488159,50,Q363874,Q833585
2770,1,Graph_(mathematics),Number_theory,0.780345625,36,Q363874,Q12479
2772,1,Graph_(mathematics),linear_algebra,0.733704322,35,Q363874,Q82571
2774,1,Graph_(mathematics),Theoretical_computer_science,0.697711391,31,Q363874,Q2878974
2790,1,Graph_(mathematics),Problem_solving,0.499870194,18,Q363874,Q730920
2792,1,Graph_(mathematics),Introduction_to_Algorithms,0.50626564,17,Q363874,Q1141518
2888,1,Numerical_analysis,Computational_complexity_theory,0.883197109,72,Q11216,Q205084
2890,1,Numerical_analysis,Foundations_of_mathematics,0.881605668,67,Q11216,Q833585
2891,1,Numerical_analysis,Discrete_mathematics,0.875111958,63,Q11216,Q121416
2892,1,Numerical_analysis,Calculus,0.862776287,61,Q11216,Q149972
2898,1,Numerical_analysis,Arithmetic,0.814938651,45,Q11216,Q11205
2899,1,Numerical_analysis,Algebra,0.791961432,44,Q11216,Q3968
2902,1,Numerical_analysis,Iterative_method,0.78157928,40,Q11216,Q2321565
2903,1,Numerical_analysis,linear_algebra,0.779741287,37,Q11216,Q82571
2907,1,Numerical_analysis,Computation,0.733074804,31,Q11216,Q12525525
2908,1,Numerical_analysis,Mathematical_induction,0.733312761,31,Q11216,Q178377
2909,1,Numerical_analysis,Computational_problem,0.706983689,31,Q11216,Q3435924
2910,1,Numerical_analysis,Mathematical_model,0.720255698,31,Q11216,Q486902
2913,1,Numerical_analysis,Mathematical_optimization,0.668160643,28,Q11216,Q141495
2914,1,Numerical_analysis,Problem_solving,0.704009976,28,Q11216,Q730920
3022,1,Computational_problem,Foundations_of_mathematics,0.893825246,77,Q3435924,Q833585
3033,1,Computational_problem,Introduction_to_Algorithms,0.794837689,40,Q3435924,Q1141518
3042,1,Computational_problem,Computability,0.702177969,29,Q3435924,Q818888
3147,1,Shared_memory,Lock_(computer_science),0.910561568,69,Q764810,Q1427251
3159,1,Shared_memory,Interface_(computing),0.685609671,26,Q764810,Q23808
3164,1,Shared_memory,Operating_system,0.657240629,24,Q764810,Q9135
3167,1,Shared_memory,Computer_architecture,0.615774362,23,Q764810,Q173212
3168,1,Shared_memory,Mathematical_induction,0.616264882,23,Q764810,Q178377
3527,1,Matrix_(mathematics),Algebra,0.909957482,85,Q44337,Q3968
3528,1,Matrix_(mathematics),Arithmetic,0.90259186,77,Q44337,Q11205
3529,1,Matrix_(mathematics),Foundations_of_mathematics,0.897888146,76,Q44337,Q833585
3533,1,Matrix_(mathematics),Polynomial,0.88634335,63,Q44337,Q43260
3540,1,Matrix_(mathematics),computer_programs/algorithms,0.78257384,41,Q44337,Q8366
3542,1,Matrix_(mathematics),Combinatorics,0.751931918,38,Q44337,Q76592
3545,1,Matrix_(mathematics),Computation,0.733522446,31,Q44337,Q12525525
3546,1,Matrix_(mathematics),Mathematical_induction,0.76375406,31,Q44337,Q178377
3548,1,Matrix_(mathematics),Conditional_probability,0.669909409,28,Q44337,Q327069
3549,1,Matrix_(mathematics),Problem_solving,0.704708311,27,Q44337,Q730920
3551,1,Matrix_(mathematics),Mathematical_optimization,0.722788934,27,Q44337,Q141495
3555,1,Matrix_(mathematics),Computational_problem,0.68252243,25,Q44337,Q3435924
3556,1,Matrix_(mathematics),Graph_(mathematics),0.673466339,25,Q44337,Q363874
3557,1,Matrix_(mathematics),Computational_complexity_theory,0.617382407,24,Q44337,Q205084
3558,1,Matrix_(mathematics),Probability_Interpretations,0.631789565,20,Q44337,Q9492
3560,1,Matrix_(mathematics),Randomization,0.501331806,18,Q44337,Q1363085
3561,1,Matrix_(mathematics),Finite-state_machine,0.521227307,18,Q44337,Q176452
3562,1,Matrix_(mathematics),Modular_arithmetic,0.627362622,18,Q44337,Q319400
3563,1,Matrix_(mathematics),Computer_security,0.579585234,18,Q44337,Q3510521
3653,1,Formal_grammar,String_(computer_science),0.882611556,78,Q373045,Q184754
3654,1,Formal_grammar,Regular_language,0.893621378,72,Q373045,Q752532
3687,1,Formal_grammar,Automata_theory,0.583950394,19,Q373045,Q214526
3779,1,Programming_language,Arithmetic,0.908915061,78,Q9143,Q11205
3788,1,Programming_language,Data_(computing),0.771792342,41,Q9143,Q494756
3793,1,Programming_language,Algebra,0.739068247,31,Q9143,Q3968
3796,1,Programming_language,Scope_(computer_science),0.731866105,30,Q9143,Q1034415
3801,1,Programming_language,High-level_programming_language,0.581997498,23,Q9143,Q211496
3803,1,Programming_language,Structured_programming,0.639551494,23,Q9143,Q223335
3810,1,Programming_language,Generic_programming,0.603593826,20,Q9143,Q1051282
3811,1,Programming_language,Imperative_programming,0.586327696,20,Q9143,Q275596
3812,1,Programming_language,Iterative_method,0.610873273,19,Q9143,Q2321565
3813,1,Programming_language,Database_management_system,0.56076871,18,Q9143,Q8513
3815,1,Programming_language,Artificial_intelligence,0.548316161,18,Q9143,Q11660
3816,1,Programming_language,Combinatorics,0.58979302,18,Q9143,Q76592
3817,1,Programming_language,Regular_language,0.505352357,17,Q9143,Q752532
3819,1,Programming_language,Theory_of_computation,0.537069321,17,Q9143,Q844718
3919,1,Polymorphism_(computer_science),High-level_programming_language,0.695094405,29,Q3240252,Q211496
3920,1,Polymorphism_(computer_science),Structured_programming,0.730155468,27,Q3240252,Q223335
3921,1,Polymorphism_(computer_science),Scope_(computer_science),0.670176718,27,Q3240252,Q1034415
3923,1,Polymorphism_(computer_science),Design_pattern_(computer_science),0.657692873,26,Q3240252,Q181156
3924,1,Polymorphism_(computer_science),Discrete_mathematics,0.644240685,25,Q3240252,Q121416
3925,1,Polymorphism_(computer_science),Arithmetic,0.679786288,23,Q3240252,Q11205
3928,1,Polymorphism_(computer_science),Recursion,0.616350962,23,Q3240252,Q179976
3929,1,Polymorphism_(computer_science),Object-oriented_programming,0.640913797,23,Q3240252,Q79872
3933,1,Polymorphism_(computer_science),Generic_programming,0.598274231,20,Q3240252,Q1051282
3935,1,Polymorphism_(computer_science),Assembly_language,0.563561863,18,Q3240252,Q165436
3937,1,Polymorphism_(computer_science),Algebra,0.560932805,17,Q3240252,Q3968
3940,1,Polymorphism_(computer_science),Finite-state_machine,0.528943121,16,Q3240252,Q176452
4175,1,Communications_protocol,Algebra,0.819377724,49,Q132364,Q3968
4177,1,Communications_protocol,Arithmetic,0.799446594,43,Q132364,Q11205
4184,1,Communications_protocol,Computer_network,0.728706731,27,Q132364,Q1301371
4189,1,Communications_protocol,Shared_memory,0.644036636,25,Q132364,Q764810
4203,1,Communications_protocol,Database_transaction,0.546014023,20,Q132364,Q848010
4206,1,Communications_protocol,Personal_computer,0.521372843,20,Q132364,Q16338
4208,1,Communications_protocol,Randomization,0.510894575,19,Q132364,Q1363085
4212,1,Communications_protocol,Conditional_probability,0.505891323,18,Q132364,Q327069
4216,1,Communications_protocol,Structured_programming,0.513563315,18,Q132364,Q223335
4217,1,Communications_protocol,Lock_(computer_science),0.525455194,17,Q132364,Q1427251
4317,1,Time_complexity,Classes,0.91526885,100,Q2393193,Q4479242
4318,1,Time_complexity,Theoretical_computer_science,0.914698076,100,Q2393193,Q2878974
4479,1,High-level_programming_language,Design_pattern_(computer_science),0.864407103,70,Q211496,Q181156
4894,1,Arithmetic,Abstraction_(computer_science),0.626945519,20,Q11205,Q224055
5491,1,C_(programming_language),Variable_(computer_science),0.868169032,57,Q15777,Q877977
5497,1,C_(programming_language),Scope_(computer_science),0.810862628,44,Q15777,Q1034415
5500,1,C_(programming_language),Control_flow,0.758509965,29,Q15777,Q868299
5512,1,C_(programming_language),Higher-order_function,0.648859653,22,Q15777,Q1474542
5520,1,C_(programming_language),Troubleshooting_&_Debugging,0.609497271,19,Q15777,Q845566
5778,1,Machine_learning,Data_structure,0.893540234,61,Q2539,Q175263
5780,1,Machine_learning,Analysis_of_algorithms,0.862241683,54,Q2539,Q333464
5781,1,Machine_learning,Arithmetic,0.855890883,54,Q2539,Q11205
5783,1,Machine_learning,Discrete_mathematics,0.85488335,52,Q2539,Q121416
5784,1,Machine_learning,Calculus,0.844350114,49,Q2539,Q149972
5785,1,Machine_learning,Matrix_(mathematics),0.800522237,42,Q2539,Q44337
5787,1,Machine_learning,Random_variable,0.831697092,41,Q2539,Q176623
5788,1,Machine_learning,Numerical_analysis,0.807326525,39,Q2539,Q11216
5789,1,Machine_learning,linear_algebra,0.808049626,36,Q2539,Q82571
5791,1,Machine_learning,Polynomial,0.769883549,34,Q2539,Q43260
5792,1,Machine_learning,Algebra,0.796626596,34,Q2539,Q3968
5794,1,Machine_learning,Foundations_of_mathematics,0.751109585,32,Q2539,Q833585
5796,1,Machine_learning,Conditional_probability,0.729070039,29,Q2539,Q327069
5802,1,Machine_learning,Mathematical_model,0.652162313,22,Q2539,Q486902
6224,1,Eigenvalues_and_eigenvectors,Polynomial,0.917879181,100,Q190524,Q43260
6228,1,Eigenvalues_and_eigenvectors,Foundations_of_mathematics,0.912860165,100,Q190524,Q833585
6237,1,Eigenvalues_and_eigenvectors,linear_algebra,0.907814589,100,Q190524,Q82571
6240,1,Eigenvalues_and_eigenvectors,Computation,0.907113895,100,Q190524,Q12525525
6643,1,Higher-order_function,Variable_(computer_science),0.893940608,78,Q1474542,Q877977
6645,1,Higher-order_function,Control_flow,0.860656117,66,Q1474542,Q868299
6649,1,Higher-order_function,Recursion,0.776047927,39,Q1474542,Q179976
6654,1,Higher-order_function,Structured_programming,0.756499899,29,Q1474542,Q223335
6655,1,Higher-order_function,Abstract_data_type,0.68517937,28,Q1474542,Q827335
6662,1,Higher-order_function,Design_pattern_(computer_science),0.676803589,24,Q1474542,Q181156
6669,1,Higher-order_function,High-level_programming_language,0.564256096,20,Q1474542,Q211496
6672,1,Higher-order_function,Data_structure,0.588536313,19,Q1474542,Q175263
18769,1,Geometry,computer_programs/algorithms,0.856800822,52,Q8087,Q8366
18774,1,Geometry,Arithmetic,0.780762137,41,Q8087,Q11205
18775,1,Geometry,Mathematical_induction,0.796557259,37,Q8087,Q178377
18788,1,Geometry,Problem_solving,0.676477139,26,Q8087,Q730920
18789,1,Geometry,Foundations_of_mathematics,0.604201833,24,Q8087,Q833585
18791,1,Geometry,Algebra,0.606313489,22,Q8087,Q3968
18895,1,linear_algebra,Arithmetic,0.880622075,75,Q82571,Q11205
18897,1,linear_algebra,Algebra,0.872028014,68,Q82571,Q3968
18899,1,linear_algebra,Calculus,0.863935547,62,Q82571,Q149972
18902,1,linear_algebra,Foundations_of_mathematics,0.804896316,49,Q82571,Q833585
18903,1,linear_algebra,Matrix_(mathematics),0.804967217,46,Q82571,Q44337
18906,1,linear_algebra,Polynomial,0.706062645,32,Q82571,Q43260
18917,1,linear_algebra,Problem_solving,0.579355033,23,Q82571,Q730920
18919,1,linear_algebra,Introduction_to_Algorithms,0.541967739,22,Q82571,Q1141518
18921,1,linear_algebra,Mathematical_induction,0.566935675,21,Q82571,Q178377
18922,1,linear_algebra,Iterative_method,0.5444563,21,Q82571,Q2321565
19157,1,Approximation,Polynomial,0.888939436,77,Q27058,Q43260
19159,1,Approximation,Foundations_of_mathematics,0.859794436,58,Q27058,Q833585
19160,1,Approximation,Algebra,0.831372402,54,Q27058,Q3968
19161,1,Approximation,Matrix_(mathematics),0.823778237,45,Q27058,Q44337
19162,1,Approximation,Theoretical_computer_science,0.782898063,42,Q27058,Q2878974
19164,1,Approximation,linear_algebra,0.774236035,40,Q27058,Q82571
19165,1,Approximation,Mathematical_induction,0.768589873,38,Q27058,Q178377
19168,1,Approximation,Problem_solving,0.728023093,35,Q27058,Q730920
19170,1,Approximation,Iterative_method,0.744401741,35,Q27058,Q2321565
19173,1,Approximation,Arithmetic,0.715164646,31,Q27058,Q11205
19180,1,Approximation,Calculus,0.676613771,26,Q27058,Q149972
19182,1,Approximation,Mathematical_model,0.621231041,25,Q27058,Q486902
19184,1,Approximation,Introduction_to_Algorithms,0.605485956,24,Q27058,Q1141518
19401,1,Image_processing,Random_variable,0.784766746,40,Q1070689,Q176623
19403,1,Image_processing,Arithmetic,0.776543784,40,Q1070689,Q11205
19404,1,Image_processing,linear_algebra,0.793085563,39,Q1070689,Q82571
19406,1,Image_processing,Combinatorics,0.757716391,36,Q1070689,Q76592
19407,1,Image_processing,Algebra,0.748350307,35,Q1070689,Q3968
19408,1,Image_processing,Mathematical_model,0.755688368,35,Q1070689,Q486902
19411,1,Image_processing,Introduction_to_Algorithms,0.68164266,30,Q1070689,Q1141518
19412,1,Image_processing,Foundations_of_mathematics,0.664003831,27,Q1070689,Q833585
19419,1,Image_processing,Iterative_method,0.605833344,23,Q1070689,Q2321565
19421,1,Image_processing,Conditional_probability,0.62546704,22,Q1070689,Q327069
19427,1,Image_processing,Polynomial,0.499719514,18,Q1070689,Q43260
19432,1,Image_processing,Problem_solving,0.545700887,17,Q1070689,Q730920
19543,1,Data_mining,Data_(computing),0.815574349,45,Q172491,Q494756
19549,1,Data_mining,Analysis_of_algorithms,0.7116944,30,Q172491,Q333464
19551,1,Data_mining,Artificial_intelligence,0.743229751,29,Q172491,Q11660
19556,1,Data_mining,Combinatorics,0.658994255,25,Q172491,Q76592
19560,1,Data_mining,Theoretical_computer_science,0.636263587,22,Q172491,Q2878974
19686,1,gpt,Transformers,0.902633888,82,Q116777014,Q85810444
19687,1,gpt,linear_algebra,0.844340885,51,Q116777014,Q82571
19693,1,gpt,Neural_Network_Architecture,0.741342218,35,Q116777014,Q192776
19694,1,gpt,Random_variable,0.747239082,31,Q116777014,Q176623
19695,1,gpt,Algebra,0.72349596,30,Q116777014,Q3968
19696,1,gpt,Machine_Learning_Regression,0.723592504,30,Q116777014,Q208042
19700,1,gpt,Expected_value,0.712911881,26,Q116777014,Q200125
19701,1,gpt,basic_statistics,0.656554919,26,Q116777014,Q12483
19702,1,gpt,Conditional_probability,0.656667252,25,Q116777014,Q327069
19703,1,gpt,computer_programs/algorithms,0.64996624,24,Q116777014,Q8366
19706,1,gpt,Arithmetic,0.561067172,21,Q116777014,Q11205
19707,1,gpt,Polynomial,0.647307827,21,Q116777014,Q43260
19708,1,gpt,Supervised_Machine_Learning,0.55699439,20,Q116777014,Q334384
19712,1,gpt,Mathematical_model,0.580679291,19,Q116777014,Q486902
19959,1,Discrete_mathematics,Foundations_of_mathematics,0.925216867,92,Q121416,Q833585
19962,1,Discrete_mathematics,Arithmetic,0.877180518,65,Q121416,Q11205
19963,1,Discrete_mathematics,Theoretical_computer_science,0.871822563,65,Q121416,Q2878974
19966,1,Discrete_mathematics,Graph_(mathematics),0.874092623,54,Q121416,Q363874
19967,1,Discrete_mathematics,Graph_theory,0.837116619,53,Q121416,Q131476
19968,1,Discrete_mathematics,Polynomial,0.84184751,53,Q121416,Q43260
19969,1,Discrete_mathematics,Computation,0.848562651,50,Q121416,Q12525525
19972,1,Discrete_mathematics,Mathematical_induction,0.814458271,48,Q121416,Q178377
19973,1,Discrete_mathematics,Computational_science,0.839740246,47,Q121416,Q117801
19975,1,Discrete_mathematics,computer_programs/algorithms,0.804125764,44,Q121416,Q8366
19978,1,Discrete_mathematics,Problem_solving,0.772532463,41,Q121416,Q730920
19979,1,Discrete_mathematics,Computational_complexity_theory,0.768195391,40,Q121416,Q205084
19980,1,Discrete_mathematics,Iterative_method,0.812997544,40,Q121416,Q2321565
20627,1,Python_(programming_language),Programming_language,0.932257806,96,Q28865,Q9143
20630,1,Python_(programming_language),Data_structure,0.888365518,67,Q28865,Q175263
20632,1,Python_(programming_language),Scope_(computer_science),0.85390862,53,Q28865,Q1034415
20633,1,Python_(programming_language),Arithmetic,0.848851269,51,Q28865,Q11205
20635,1,Python_(programming_language),Control_flow,0.825805742,43,Q28865,Q868299
20637,1,Python_(programming_language),Higher-order_function,0.812203385,42,Q28865,Q1474542
20638,1,Python_(programming_language),Classes,0.839611315,42,Q28865,Q4479242
20639,1,Python_(programming_language),High-level_programming_language,0.815997026,39,Q28865,Q211496
20640,1,Python_(programming_language),Structured_programming,0.789779527,35,Q28865,Q223335
20641,1,Python_(programming_language),Abstract_data_type,0.769066656,34,Q28865,Q827335
20644,1,Python_(programming_language),computer_programs/algorithms,0.751740425,31,Q28865,Q8366
20647,1,Python_(programming_language),Design_pattern_(computer_science),0.744152201,29,Q28865,Q181156
20648,1,Python_(programming_language),Object_(computer_science),0.719012622,29,Q28865,Q216601
20649,1,Python_(programming_language),Git_and_GitHub,0.632668128,26,Q28865,Q186055
20653,1,Python_(programming_language),Recursion,0.719626841,23,Q28865,Q179976
20660,1,Python_(programming_language),Software_design,0.532036357,18,Q28865,Q857102
20665,1,Python_(programming_language),Troubleshooting_&_Debugging,0.500934315,15,Q28865,Q845566
20776,2,Polynomial,Foundations_of_mathematics,0.903132047,78,Q43260,Q833585
20785,2,Polynomial,Arithmetic,0.766633918,41,Q43260,Q11205
20793,1,Polynomial,Problem_solving,0.764180941,34,Q43260,Q730920
20898,2,Supervised_Machine_Learning,linear_algebra,0.856968544,54,Q334384,Q82571
20900,1,Supervised_Machine_Learning,Computational_science,0.852065685,51,Q334384,Q117801
20901,2,Supervised_Machine_Learning,Machine_Learning_Regression,0.829835386,49,Q334384,Q208042
20902,2,Supervised_Machine_Learning,basic_statistics,0.831672609,48,Q334384,Q12483
20903,2,Supervised_Machine_Learning,Expected_value,0.823122601,48,Q334384,Q200125
20904,2,Supervised_Machine_Learning,Random_variable,0.792584801,40,Q334384,Q176623
20907,1,Supervised_Machine_Learning,data_compression,0.766646303,35,Q334384,Q2493
20910,2,Supervised_Machine_Learning,Neural_Network_Architecture,0.715206941,30,Q334384,Q192776
20911,2,Supervised_Machine_Learning,Conditional_probability,0.72791214,30,Q334384,Q327069
20912,2,Supervised_Machine_Learning,Machine_learning,0.715971782,29,Q334384,Q2539
20913,1,Supervised_Machine_Learning,Graph_theory,0.672462566,28,Q334384,Q131476
20914,1,Supervised_Machine_Learning,Represent_data_visually,0.715652704,28,Q334384,Q483130
20915,1,Supervised_Machine_Learning,Markov_process,0.67490726,27,Q334384,Q176645
20920,2,Supervised_Machine_Learning,computer_programs/algorithms,0.665966829,24,Q334384,Q8366
20921,2,Supervised_Machine_Learning,Polynomial,0.647458272,22,Q334384,Q43260
20922,2,Supervised_Machine_Learning,Probability_theory,0.587875366,21,Q334384,Q5862903
20923,2,Supervised_Machine_Learning,Probability_Interpretations,0.555012035,20,Q334384,Q9492
20925,2,Supervised_Machine_Learning,Mathematical_model,0.521972857,19,Q334384,Q486902
20926,1,Supervised_Machine_Learning,Approximation,0.54773672,19,Q334384,Q27058
20927,1,Supervised_Machine_Learning,Graph_(mathematics),0.601270835,18,Q334384,Q363874
20930,1,Supervised_Machine_Learning,Algebra,0.503824181,18,Q334384,Q3968
20931,1,Supervised_Machine_Learning,Linux_Command_Line,0.515685811,17,Q334384,Q388
20932,1,Supervised_Machine_Learning,Computational_complexity_theory,0.492101669,17,Q334384,Q205084
20933,1,Supervised_Machine_Learning,Theory_of_computation,0.535989761,17,Q334384,Q844718
21044,1,Human-computer_interaction,Data_visualization_tools,0.722547263,32,Q207434,Q6504956
21045,1,Human-computer_interaction,Randomization,0.721596964,31,Q207434,Q1363085
21046,1,Human-computer_interaction,Data_Science_Methodology,0.754868682,30,Q207434,Q2374463
21050,1,Human-computer_interaction,Graph_(mathematics),0.623049699,26,Q207434,Q363874
21052,1,Human-computer_interaction,Algebra,0.615839844,25,Q207434,Q3968
21060,1,Human-computer_interaction,Foundations_of_mathematics,0.609137318,22,Q207434,Q833585
21062,1,Human-computer_interaction,Computer_architecture,0.556573868,21,Q207434,Q173212
21064,1,Human-computer_interaction,Personal_computer,0.586545515,20,Q207434,Q16338
21067,1,Human-computer_interaction,Troubleshooting_&_Debugging,0.562062645,20,Q207434,Q845566
21069,1,Human-computer_interaction,basic_statistics,0.567035675,19,Q207434,Q12483
21070,1,Human-computer_interaction,Control_flow,0.542062358,19,Q207434,Q868299
21071,1,Human-computer_interaction,Problem_solving,0.529954258,19,Q207434,Q730920
21083,1,Human-computer_interaction,Data_(computing),0.492197037,17,Q207434,Q494756
21179,2,Mathematical_optimization,Calculus,0.908918361,73,Q141495,Q149972
21180,2,Mathematical_optimization,Foundations_of_mathematics,0.89017682,71,Q141495,Q833585
21181,1,Mathematical_optimization,Probability_theory,0.852082105,58,Q141495,Q5862903
21182,2,Mathematical_optimization,Algebra,0.876303631,57,Q141495,Q3968
21183,1,Mathematical_optimization,Computational_science,0.887540434,56,Q141495,Q117801
21186,1,Mathematical_optimization,Discrete_mathematics,0.83312244,51,Q141495,Q121416
21187,1,Mathematical_optimization,Computational_complexity_theory,0.834168832,48,Q141495,Q205084
21190,1,Mathematical_optimization,Conditional_probability,0.814165571,44,Q141495,Q327069
21194,2,Mathematical_optimization,Polynomial,0.835073157,41,Q141495,Q43260
21195,2,Mathematical_optimization,Mathematical_induction,0.845848688,41,Q141495,Q178377
21196,2,Mathematical_optimization,Computability,0.776844489,39,Q141495,Q818888
21197,2,Mathematical_optimization,Computation,0.807097322,38,Q141495,Q12525525
21198,1,Mathematical_optimization,Combinatorics,0.772675205,37,Q141495,Q76592
21199,1,Mathematical_optimization,Geometry,0.760175546,36,Q141495,Q8087
21200,2,Mathematical_optimization,Iterative_method,0.748254422,35,Q141495,Q2321565
21201,1,Mathematical_optimization,basic_statistics,0.763084275,35,Q141495,Q12483
21202,2,Mathematical_optimization,Approximation,0.771693272,34,Q141495,Q27058
21203,2,Mathematical_optimization,Problem_solving,0.733474523,32,Q141495,Q730920
21204,1,Mathematical_optimization,Probability_Interpretations,0.722772777,32,Q141495,Q9492
21206,2,Mathematical_optimization,Introduction_to_Algorithms,0.71908954,30,Q141495,Q1141518
21207,2,Mathematical_optimization,Numerical_analysis,0.707697487,30,Q141495,Q11216
21208,1,Mathematical_optimization,Graph_theory,0.753741932,30,Q141495,Q131476
21209,1,Mathematical_optimization,Markov_process,0.755238763,27,Q141495,Q176645
21211,1,Mathematical_optimization,Expected_value,0.696637306,25,Q141495,Q200125
21212,2,Mathematical_optimization,Analysis_of_algorithms,0.573714909,19,Q141495,Q333464
21213,1,Mathematical_optimization,Data_structure,0.528706382,17,Q141495,Q175263
21215,2,Mathematical_optimization,Computational_problem,0.588668992,17,Q141495,Q3435924
21321,1,ChatGPT,Transformers,0.713530699,27,Q115564437,Q85810444
21323,1,ChatGPT,gpt,0.63642029,24,Q115564437,Q116777014
21545,1,Data,Data_structure,0.912549413,87,Q42848,Q175263
21547,1,Data,Data_(computing),0.876177542,66,Q42848,Q494756
21549,1,Data,Object_(computer_science),0.862343206,59,Q42848,Q216601
21551,1,Data,Structured_programming,0.825886097,47,Q42848,Q223335
21553,1,Data,Design_pattern_(computer_science),0.833170717,44,Q42848,Q181156
21554,1,Data,Abstract_data_type,0.818183178,43,Q42848,Q827335
21564,1,Data,Variable_(computer_science),0.792858524,31,Q42848,Q877977
21568,1,Data,Abstraction_(computer_science),0.712090526,28,Q42848,Q224055
21572,1,Data,Foundations_of_mathematics,0.707037174,26,Q42848,Q833585
21664,2,Classes,Variable_(computer_science),0.869685946,58,Q4479242,Q877977
21666,1,Classes,Abstract_data_type,0.821186225,48,Q4479242,Q827335
21668,2,Classes,High-level_programming_language,0.806288919,43,Q4479242,Q211496
21669,2,Classes,Data_structure,0.811495226,43,Q4479242,Q175263
21670,1,Classes,Programming_language,0.804455008,42,Q4479242,Q9143
21671,2,Classes,Structured_programming,0.808464283,41,Q4479242,Q223335
21672,1,Classes,Design_pattern_(computer_science),0.806625959,41,Q4479242,Q181156
21673,2,Classes,Object_(computer_science),0.795260692,40,Q4479242,Q216601
21675,2,Classes,Data_(computing),0.75543499,34,Q4479242,Q494756
21677,2,Classes,Scope_(computer_science),0.718893909,30,Q4479242,Q1034415
21685,2,Classes,Control_flow,0.57048192,20,Q4479242,Q868299
21696,1,Classes,Software_design,0.53230185,18,Q4479242,Q857102
21805,2,Calculus,Foundations_of_mathematics,0.88321338,82,Q149972,Q833585
21813,1,Calculus,Polynomial,0.817740212,46,Q149972,Q43260
21816,1,Calculus,Graph_(mathematics),0.809323106,42,Q149972,Q363874
21824,1,Calculus,Problem_solving,0.702712727,30,Q149972,Q730920
21825,1,Calculus,Approximation,0.678171158,28,Q149972,Q27058
21832,2,Calculus,Mathematical_induction,0.697556076,25,Q149972,Q178377
21834,2,Calculus,Mathematical_proof,0.570795059,24,Q149972,Q11538
21838,1,Calculus,Introduction_to_Algorithms,0.590801811,20,Q149972,Q1141518
21926,1,Probability_theory,Matrix_(mathematics),0.891606919,73,Q5862903,Q44337
21927,2,Probability_theory,Foundations_of_mathematics,0.894742899,72,Q5862903,Q833585
21928,2,Probability_theory,Arithmetic,0.874225515,66,Q5862903,Q11205
21929,1,Probability_theory,Random_variable,0.878640063,64,Q5862903,Q176623
21930,1,Probability_theory,Conditional_probability,0.855026783,62,Q5862903,Q327069
21931,1,Probability_theory,Markov_process,0.85001105,59,Q5862903,Q176645
21937,2,Probability_theory,Polynomial,0.807205052,45,Q5862903,Q43260
21939,1,Probability_theory,basic_statistics,0.804675492,44,Q5862903,Q12483
21940,1,Probability_theory,Probability_Interpretations,0.794050815,43,Q5862903,Q9492
21943,2,Probability_theory,Mathematical_proof,0.769982388,38,Q5862903,Q11538
21944,1,Probability_theory,Expected_value,0.779177164,38,Q5862903,Q200125
21952,1,Probability_theory,Mathematical_model,0.695689372,28,Q5862903,Q486902
21954,1,Probability_theory,Problem_solving,0.665390968,25,Q5862903,Q730920
21956,2,Probability_theory,Mathematical_induction,0.692396202,25,Q5862903,Q178377
21957,1,Probability_theory,Approximation,0.630906229,23,Q5862903,Q27058
21961,1,Probability_theory,Combinatorics,0.646931735,22,Q5862903,Q76592
22048,1,Regular_language,Finite-state_machine,0.880409449,78,Q752532,Q176452
22049,1,Regular_language,Context-free_language,0.881407899,77,Q752532,Q729271
22050,1,Regular_language,Formal_grammar,0.887923341,76,Q752532,Q373045
22051,1,Regular_language,Lexical_analysis,0.89631576,72,Q752532,Q835922
22052,1,Regular_language,String_(computer_science),0.890738904,72,Q752532,Q184754
22056,1,Regular_language,Foundations_of_mathematics,0.721678767,29,Q752532,Q833585
22057,1,Regular_language,Data_(computing),0.683442729,28,Q752532,Q494756
22058,1,Regular_language,Abstract_data_type,0.70713792,27,Q752532,Q827335
22060,1,Regular_language,Regular_expression,0.653823779,26,Q752532,Q185612
22061,1,Regular_language,Arithmetic,0.655287094,25,Q752532,Q11205
22063,1,Regular_language,Data_structure,0.61876301,24,Q752532,Q175263
22065,1,Regular_language,Automata_theory,0.642691175,24,Q752532,Q214526
22067,1,Regular_language,Algebra,0.638582686,23,Q752532,Q3968
22074,1,Regular_language,Theoretical_computer_science,0.63407244,21,Q752532,Q2878974
22078,1,Regular_language,Computation,0.586687946,20,Q752532,Q12525525
22081,1,Regular_language,Variable_(computer_science),0.511003946,19,Q752532,Q877977
22184,2,Decision_Trees,computer_programs/algorithms,0.838904469,54,Q831366,Q8366
22186,2,Decision_Trees,Problem_solving,0.777739406,40,Q831366,Q730920
22187,1,Decision_Trees,Classes,0.787143908,38,Q831366,Q4479242
22188,1,Decision_Trees,Computation,0.740350505,35,Q831366,Q12525525
22189,1,Decision_Trees,Abstraction_(computer_science),0.770820727,35,Q831366,Q224055
22190,1,Decision_Trees,Iterative_method,0.745539665,32,Q831366,Q2321565
22193,2,Decision_Trees,Machine_Learning_Regression,0.730334559,31,Q831366,Q208042
22194,1,Decision_Trees,Combinatorics,0.717897034,30,Q831366,Q76592
22196,2,Decision_Trees,Foundations_of_mathematics,0.713965007,28,Q831366,Q833585
22200,2,Decision_Trees,Data_structure,0.650918227,26,Q831366,Q175263
22203,1,Decision_Trees,Introduction_to_Algorithms,0.655221542,24,Q831366,Q1141518
22206,1,Decision_Trees,linear_algebra,0.60990798,23,Q831366,Q82571
22208,1,Decision_Trees,Theoretical_computer_science,0.596046361,22,Q831366,Q2878974
22210,1,Decision_Trees,Graph_(mathematics),0.658774626,21,Q831366,Q363874
22211,2,Decision_Trees,Arithmetic,0.584295318,21,Q831366,Q11205
22218,2,Decision_Trees,Data_(computing),0.615272547,19,Q831366,Q494756
22220,1,Decision_Trees,Finite-state_machine,0.565986433,19,Q831366,Q176452
22229,1,Decision_Trees,Random_variable,0.533459514,16,Q831366,Q176623
22319,2,cryptography,Foundations_of_mathematics,0.861170243,58,Q8789,Q833585
22320,1,cryptography,Discrete_mathematics,0.865778565,56,Q8789,Q121416
22322,2,cryptography,Algebra,0.869957429,54,Q8789,Q3968
22323,2,cryptography,Polynomial,0.855853635,49,Q8789,Q43260
22324,2,cryptography,Theoretical_computer_science,0.831910036,49,Q8789,Q2878974
22325,1,cryptography,Matrix_(mathematics),0.836218308,49,Q8789,Q44337
22327,1,cryptography,Calculus,0.832950725,43,Q8789,Q149972
22328,1,cryptography,Computational_problem,0.763837376,37,Q8789,Q3435924
22329,1,cryptography,Programming_language,0.744778142,33,Q8789,Q9143
22330,1,cryptography,Data_structure,0.739862933,33,Q8789,Q175263
22332,1,cryptography,Graph_theory,0.760246205,33,Q8789,Q131476
22333,1,cryptography,Computational_science,0.800130278,32,Q8789,Q117801
22334,1,cryptography,Conditional_probability,0.772993147,32,Q8789,Q327069
22335,2,cryptography,Number_theory,0.705689771,28,Q8789,Q12479
22336,1,cryptography,Random_variable,0.725767493,28,Q8789,Q176623
22338,1,cryptography,Probability_Interpretations,0.716636605,27,Q8789,Q9492
22339,1,cryptography,Markov_process,0.725931362,27,Q8789,Q176645
22340,1,cryptography,Computation,0.703115816,27,Q8789,Q12525525
22341,1,cryptography,Computability,0.705748925,26,Q8789,Q818888
22342,1,cryptography,Approximation,0.684471791,26,Q8789,Q27058
22343,1,cryptography,Combinatorics,0.676591568,25,Q8789,Q76592
22344,2,cryptography,Mathematical_induction,0.699823227,25,Q8789,Q178377
22346,1,cryptography,Numerical_analysis,0.687015792,24,Q8789,Q11216
22348,2,cryptography,Arithmetic,0.707152823,23,Q8789,Q11205
22349,1,cryptography,Analysis_of_algorithms,0.658141049,22,Q8789,Q333464
22350,1,cryptography,Abstraction_(computer_science),0.648713271,21,Q8789,Q224055
22351,1,cryptography,Graph_(mathematics),0.63851361,21,Q8789,Q363874
22353,2,cryptography,Introduction_to_Algorithms,0.62460611,21,Q8789,Q1141518
22354,2,cryptography,Problem_solving,0.65204699,20,Q8789,Q730920
22355,1,cryptography,Iterative_method,0.668407139,19,Q8789,Q2321565
22356,1,cryptography,basic_statistics,0.615992421,19,Q8789,Q12483
22357,1,cryptography,Finite-state_machine,0.539690336,18,Q8789,Q176452
22358,1,cryptography,Expected_value,0.498672485,17,Q8789,Q200125
22360,2,cryptography,Mathematical_model,0.544313401,16,Q8789,Q486902
22474,1,Plotly,Git_and_GitHub,0.847923244,55,Q17146476,Q186055
22478,1,Plotly,Linux_Command_Line,0.842019626,42,Q17146476,Q388
22482,1,Plotly,Algebra,0.715476802,28,Q17146476,Q3968
22483,1,Plotly,Variable_(computer_science),0.724627265,27,Q17146476,Q877977
22487,1,Plotly,Scope_(computer_science),0.614868993,23,Q17146476,Q1034415
22489,1,Plotly,Arithmetic,0.61646973,22,Q17146476,Q11205
22491,1,Plotly,Abstract_data_type,0.594884373,21,Q17146476,Q827335
22493,1,Plotly,Central_processing_unit,0.561829567,19,Q17146476,Q5300
22494,1,Plotly,Control_flow,0.5765028,19,Q17146476,Q868299
22495,1,Plotly,Data_visualization_tools,0.611660029,19,Q17146476,Q6504956
22497,1,Plotly,Graph_(mathematics),0.532085578,18,Q17146476,Q363874
22607,1,Machine_translation,Semantics,0.844215631,46,Q79798,Q796212
22608,2,Machine_translation,Unsupervised_learning,0.819703286,44,Q79798,Q1152135
22609,1,Machine_translation,Data_structure,0.810542994,43,Q79798,Q175263
22610,1,Machine_translation,Programming_language,0.81640474,42,Q79798,Q9143
22611,1,Machine_translation,Computational_complexity_theory,0.817142677,40,Q79798,Q205084
22614,1,Machine_translation,Computational_science,0.811406539,39,Q79798,Q117801
22616,2,Machine_translation,Supervised_Machine_Learning,0.70702788,30,Q79798,Q334384
22617,1,Machine_translation,Theoretical_computer_science,0.734812556,29,Q79798,Q2878974
22619,1,Machine_translation,Mathematical_induction,0.691194267,25,Q79798,Q178377
22620,2,Machine_translation,Natural_language_processing,0.680601616,25,Q79798,Q30642
22621,1,Machine_translation,Computability,0.682303009,25,Q79798,Q818888
22622,1,Machine_translation,Computation,0.670991058,25,Q79798,Q12525525
22623,1,Machine_translation,Geometry,0.718464673,24,Q79798,Q8087
22624,1,Machine_translation,Abstraction_(computer_science),0.653674563,24,Q79798,Q224055
22625,2,Machine_translation,Combinatorics,0.653495809,23,Q79798,Q76592
22626,2,Machine_translation,Expected_value,0.652260195,22,Q79798,Q200125
22628,1,Machine_translation,Lexical_analysis,0.571768034,21,Q79798,Q835922
22629,1,Machine_translation,Iterative_method,0.601704461,21,Q79798,Q2321565
22630,1,Machine_translation,Approximation,0.587097073,20,Q79798,Q27058
22632,1,Machine_translation,Formal_grammar,0.592557129,19,Q79798,Q373045
22633,1,Machine_translation,Graph_theory,0.609655581,19,Q79798,Q131476
22634,2,Machine_translation,Machine_learning,0.620544559,19,Q79798,Q2539
22635,2,Machine_translation,basic_statistics,0.588835867,19,Q79798,Q12483
22636,1,Machine_translation,Analysis_of_algorithms,0.528094191,19,Q79798,Q333464
22637,2,Machine_translation,Problem_solving,0.535270038,19,Q79798,Q730920
22638,1,Machine_translation,Finite-state_machine,0.549421469,18,Q79798,Q176452
22640,2,Machine_translation,Foundations_of_mathematics,0.504512151,18,Q79798,Q833585
22642,2,Machine_translation,Random_variable,0.564418554,18,Q79798,Q176623
22645,1,Machine_translation,Polynomial,0.559467007,17,Q79798,Q43260
22765,1,Automata_theory,Finite-state_machine,0.888963861,71,Q214526,Q176452
22766,1,Automata_theory,Foundations_of_mathematics,0.827037239,55,Q214526,Q833585
22767,1,Automata_theory,Algebra,0.825733741,48,Q214526,Q3968
22768,1,Automata_theory,Combinatorics,0.792137313,40,Q214526,Q76592
22769,1,Automata_theory,Turing_machine,0.763146091,40,Q214526,Q163310
22771,1,Automata_theory,Introduction_to_Algorithms,0.780133093,37,Q214526,Q1141518
22772,1,Automata_theory,Computation,0.777098862,37,Q214526,Q12525525
22774,1,Automata_theory,Polynomial,0.738875896,32,Q214526,Q43260
22776,1,Automata_theory,Graph_(mathematics),0.709345818,30,Q214526,Q363874
22778,1,Automata_theory,Mathematical_induction,0.681477514,29,Q214526,Q178377
22782,1,Automata_theory,Computability,0.691986634,26,Q214526,Q818888
22786,1,Automata_theory,Arithmetic,0.607484539,24,Q214526,Q11205
22790,1,Automata_theory,Lexical_analysis,0.634114135,22,Q214526,Q835922
22792,1,Automata_theory,Discrete_mathematics,0.54756437,21,Q214526,Q121416
22794,1,Automata_theory,String_(computer_science),0.54255699,21,Q214526,Q184754
22796,1,Automata_theory,Computational_science,0.531577519,21,Q214526,Q117801
22797,1,Automata_theory,Regular_language,0.560515676,21,Q214526,Q752532
22798,1,Automata_theory,Formal_grammar,0.536258507,20,Q214526,Q373045
22799,1,Automata_theory,Mathematical_model,0.506097937,20,Q214526,Q486902